Model,ExactMatch,TokenF1,ROUGE-L,SupportRatio(avg),HallucinationRate(<0.6 support),BERTScore_P,BERTScore_R,BERTScore_F1
Baseline 2 (RAG + Base BioGPT),0.0,0.22504183149525603,0.14067389747012385,0.7124118077948934,0.1949877750611247,0.49688087335462094,0.5544963449804444,0.5142061190911931
